mean	std
-0.004858333333333298	0.2745571060265914
