mean	std
-0.004858	0.274557
